{"Version":2,"SourceFileDate":132621786659710039,"Flags":["FL_BITMAP_COMPRESSION","FL_BITMAP_MIPMAP","FL_BITMAP_QUALITY_HIGH","FL_BITMAP_PRECOMPUTED_INV_AVG"],"InvAvgColor":[17.188632965087891,16.813034057617188,17.446390151977539],"HasTransp":true}