{"Version":2,"SourceFileDate":132621786877787289,"Flags":["FL_BITMAP_COMPRESSION","FL_BITMAP_MIPMAP","FL_BITMAP_QUALITY_HIGH","FL_BITMAP_PRECOMPUTED_INV_AVG"],"InvAvgColor":[14.880014419555664,15.54571533203125,14.984302520751953],"HasTransp":true}