{"Version":2,"SourceFileDate":132621787111089828,"Flags":["FL_BITMAP_COMPRESSION","FL_BITMAP_MIPMAP","FL_BITMAP_QUALITY_HIGH","FL_BITMAP_PRECOMPUTED_INV_AVG"],"InvAvgColor":[15.281582832336426,15.919103622436523,15.234416007995605],"HasTransp":true}