{"Version":2,"SourceFileDate":132621786950264220,"Flags":["FL_BITMAP_COMPRESSION","FL_BITMAP_MIPMAP","FL_BITMAP_QUALITY_HIGH","FL_BITMAP_PRECOMPUTED_INV_AVG"],"InvAvgColor":[17.653730392456055,17.462774276733398,17.929121017456055],"HasTransp":true}