{"Version":2,"SourceFileDate":132621786763351204,"Flags":["FL_BITMAP_COMPRESSION","FL_BITMAP_MIPMAP","FL_BITMAP_QUALITY_HIGH","FL_BITMAP_PRECOMPUTED_INV_AVG"],"InvAvgColor":[17.3763427734375,17.0086669921875,17.726465225219727],"HasTransp":true}