{"Version":2,"SourceFileDate":132621787044415896,"Flags":["FL_BITMAP_COMPRESSION","FL_BITMAP_MIPMAP","FL_BITMAP_QUALITY_HIGH","FL_BITMAP_PRECOMPUTED_INV_AVG"],"InvAvgColor":[17.15838623046875,16.686029434204102,17.3758544921875],"HasTransp":true}