{"Version":2,"SourceFileDate":132622081424481218,"Flags":["FL_BITMAP_COMPRESSION","FL_BITMAP_MIPMAP","FL_BITMAP_QUALITY_HIGH","FL_BITMAP_PRECOMPUTED_INV_AVG"],"InvAvgColor":[1.1425457000732422,1.1781947612762451,1000000],"HasTransp":true}